url,status,length,time,pd
https://www.coep.org.in/,200,20746,2022-11-17T08:03:31.708741+05:30,08:03:31
https://www.coep.org.in/,200,20733,2022-11-17T08:03:33.431302+05:30,08:03:33
https://www.coep.org.in/,200,20738,2022-11-17T08:03:33.511137+05:30,08:03:33
https://www.coep.org.in/,200,20732,2022-11-17T08:03:33.617624+05:30,08:03:33
https://www.coep.org.in/,200,20735,2022-11-17T08:03:33.872634+05:30,08:03:33
https://www.coep.org.in/,200,20735,2022-11-17T08:03:34.065054+05:30,08:03:34
https://www.coep.org.in/,200,20741,2022-11-17T08:03:34.132018+05:30,08:03:34
https://www.coep.org.in/,200,20743,2022-11-17T08:03:34.608266+05:30,08:03:34
https://www.coep.org.in/,200,20736,2022-11-17T08:03:34.806387+05:30,08:03:34
https://www.coep.org.in/,200,20728,2022-11-17T08:03:34.884309+05:30,08:03:34
https://www.coep.org.in/,200,20741,2022-11-17T08:03:34.926562+05:30,08:03:34
https://www.coep.org.in/,200,20746,2022-11-17T08:03:34.943475+05:30,08:03:34
https://www.coep.org.in/,200,20738,2022-11-17T08:03:34.949866+05:30,08:03:34
https://www.coep.org.in/,200,20736,2022-11-17T08:03:35.010301+05:30,08:03:35
https://www.coep.org.in/,200,20747,2022-11-17T08:03:35.226806+05:30,08:03:35
https://www.coep.org.in/,200,20729,2022-11-17T08:03:35.332072+05:30,08:03:35
https://www.coep.org.in/,200,20744,2022-11-17T08:03:35.507433+05:30,08:03:35
https://www.coep.org.in/,200,20737,2022-11-17T08:03:35.553076+05:30,08:03:35
https://www.coep.org.in/,200,20741,2022-11-17T08:03:35.694978+05:30,08:03:35
https://www.coep.org.in/,200,20738,2022-11-17T08:03:35.975550+05:30,08:03:35
https://www.coep.org.in/,200,20742,2022-11-17T08:03:36.070106+05:30,08:03:36
https://www.coep.org.in/,200,20731,2022-11-17T08:03:36.138646+05:30,08:03:36
https://www.coep.org.in/,200,20739,2022-11-17T08:03:36.178214+05:30,08:03:36
https://www.coep.org.in/,200,20735,2022-11-17T08:03:36.292580+05:30,08:03:36
https://www.coep.org.in/,200,20745,2022-11-17T08:03:36.336609+05:30,08:03:36
https://www.coep.org.in/,200,20730,2022-11-17T08:03:36.445688+05:30,08:03:36
https://www.coep.org.in/,200,20743,2022-11-17T08:03:36.474792+05:30,08:03:36
https://www.coep.org.in/,200,20736,2022-11-17T08:03:36.479079+05:30,08:03:36
https://www.coep.org.in/,200,20735,2022-11-17T08:03:36.653737+05:30,08:03:36
https://www.coep.org.in/,200,20733,2022-11-17T08:03:36.892744+05:30,08:03:36
https://www.coep.org.in/,200,20739,2022-11-17T08:03:36.926230+05:30,08:03:36
https://www.coep.org.in/,200,20735,2022-11-17T08:03:36.928202+05:30,08:03:36
https://www.coep.org.in/,200,20742,2022-11-17T08:03:37.459537+05:30,08:03:37
https://www.coep.org.in/,200,20737,2022-11-17T08:03:37.525813+05:30,08:03:37
https://www.coep.org.in/,200,20718,2022-11-17T08:03:37.637940+05:30,08:03:37
https://www.coep.org.in/,200,20726,2022-11-17T08:03:37.725750+05:30,08:03:37
https://www.coep.org.in/,200,20740,2022-11-17T08:03:37.734240+05:30,08:03:37
https://www.coep.org.in/,200,20724,2022-11-17T08:03:37.935039+05:30,08:03:37
https://www.coep.org.in/,200,20738,2022-11-17T08:03:37.998268+05:30,08:03:37
https://www.coep.org.in/,200,20740,2022-11-17T08:03:38.273826+05:30,08:03:38
https://www.coep.org.in/,200,20735,2022-11-17T08:03:38.358171+05:30,08:03:38
https://www.coep.org.in/,200,20740,2022-11-17T08:03:38.473962+05:30,08:03:38
https://www.coep.org.in/,200,20731,2022-11-17T08:03:38.485744+05:30,08:03:38
https://www.coep.org.in/,200,20731,2022-11-17T08:03:38.569904+05:30,08:03:38
https://www.coep.org.in/,200,20735,2022-11-17T08:03:38.734053+05:30,08:03:38
https://www.coep.org.in/,200,20747,2022-11-17T08:03:38.785842+05:30,08:03:38
https://www.coep.org.in/,200,20742,2022-11-17T08:03:39.034293+05:30,08:03:39
https://www.coep.org.in/,200,20734,2022-11-17T08:03:39.098152+05:30,08:03:39
https://www.coep.org.in/,200,20741,2022-11-17T08:03:39.186166+05:30,08:03:39
https://www.coep.org.in/,200,20754,2022-11-17T08:03:39.188027+05:30,08:03:39
https://www.coep.org.in/,200,20747,2022-11-17T08:03:39.327708+05:30,08:03:39
https://www.coep.org.in/,200,20736,2022-11-17T08:03:39.330691+05:30,08:03:39
https://www.coep.org.in/,200,20747,2022-11-17T08:03:39.332680+05:30,08:03:39
https://www.coep.org.in/,200,20749,2022-11-17T08:03:39.335756+05:30,08:03:39
https://www.coep.org.in/,200,20739,2022-11-17T08:03:39.362163+05:30,08:03:39
https://www.coep.org.in/,200,20740,2022-11-17T08:03:39.363339+05:30,08:03:39
https://www.coep.org.in/,200,20737,2022-11-17T08:03:39.390254+05:30,08:03:39
https://www.coep.org.in/,200,20746,2022-11-17T08:03:39.402034+05:30,08:03:39
https://www.coep.org.in/,200,20740,2022-11-17T08:03:39.470104+05:30,08:03:39
https://www.coep.org.in/,200,20741,2022-11-17T08:03:39.533993+05:30,08:03:39
https://www.coep.org.in/,200,20739,2022-11-17T08:03:39.545923+05:30,08:03:39
https://www.coep.org.in/,200,20751,2022-11-17T08:03:39.638027+05:30,08:03:39
https://www.coep.org.in/,200,20737,2022-11-17T08:03:39.642344+05:30,08:03:39
https://www.coep.org.in/,200,20734,2022-11-17T08:03:39.649951+05:30,08:03:39
https://www.coep.org.in/,200,20741,2022-11-17T08:03:39.654135+05:30,08:03:39
https://www.coep.org.in/,200,20735,2022-11-17T08:03:39.665797+05:30,08:03:39
https://www.coep.org.in/,200,20745,2022-11-17T08:03:39.669840+05:30,08:03:39
https://www.coep.org.in/,200,20738,2022-11-17T08:03:39.698848+05:30,08:03:39
https://www.coep.org.in/,200,20742,2022-11-17T08:03:39.713957+05:30,08:03:39
https://www.coep.org.in/,200,20735,2022-11-17T08:03:39.749880+05:30,08:03:39
https://www.coep.org.in/,200,20740,2022-11-17T08:03:39.757402+05:30,08:03:39
https://www.coep.org.in/,200,20735,2022-11-17T08:03:39.760774+05:30,08:03:39
https://www.coep.org.in/,200,20733,2022-11-17T08:03:39.763488+05:30,08:03:39
https://www.coep.org.in/,200,20734,2022-11-17T08:03:39.770477+05:30,08:03:39
https://www.coep.org.in/,200,20742,2022-11-17T08:03:39.792867+05:30,08:03:39
https://www.coep.org.in/,200,20737,2022-11-17T08:03:39.796309+05:30,08:03:39
https://www.coep.org.in/,200,20732,2022-11-17T08:03:39.798597+05:30,08:03:39
https://www.coep.org.in/,200,20744,2022-11-17T08:03:39.801207+05:30,08:03:39
https://www.coep.org.in/,200,20744,2022-11-17T08:03:39.804006+05:30,08:03:39
https://www.coep.org.in/,200,20734,2022-11-17T08:03:39.813981+05:30,08:03:39
https://www.coep.org.in/,200,20743,2022-11-17T08:03:39.837956+05:30,08:03:39
https://www.coep.org.in/,200,20733,2022-11-17T08:03:39.846161+05:30,08:03:39
https://www.coep.org.in/,200,20739,2022-11-17T08:03:39.850061+05:30,08:03:39
https://www.coep.org.in/,200,20740,2022-11-17T08:03:39.860914+05:30,08:03:39
https://www.coep.org.in/,200,20739,2022-11-17T08:03:39.863696+05:30,08:03:39
https://www.coep.org.in/,200,20732,2022-11-17T08:03:39.866372+05:30,08:03:39
https://www.coep.org.in/,200,20733,2022-11-17T08:03:39.886146+05:30,08:03:39
https://www.coep.org.in/,200,20742,2022-11-17T08:03:39.890054+05:30,08:03:39
https://www.coep.org.in/,200,20738,2022-11-17T08:03:39.898914+05:30,08:03:39
https://www.coep.org.in/,200,20742,2022-11-17T08:03:39.901257+05:30,08:03:39
https://www.coep.org.in/,200,20747,2022-11-17T08:03:39.903446+05:30,08:03:39
https://www.coep.org.in/,200,20740,2022-11-17T08:03:39.914500+05:30,08:03:39
https://www.coep.org.in/,200,20743,2022-11-17T08:03:39.916667+05:30,08:03:39
https://www.coep.org.in/,200,20731,2022-11-17T08:03:39.919354+05:30,08:03:39
https://www.coep.org.in/,200,20739,2022-11-17T08:03:39.925977+05:30,08:03:39
https://www.coep.org.in/,200,20747,2022-11-17T08:03:39.937036+05:30,08:03:39
https://www.coep.org.in/,200,20741,2022-11-17T08:03:39.946004+05:30,08:03:39
https://www.coep.org.in/,200,20744,2022-11-17T08:03:39.948163+05:30,08:03:39
https://www.coep.org.in/,200,20743,2022-11-17T08:03:39.949814+05:30,08:03:39
https://www.coep.org.in/,200,20736,2022-11-17T08:03:39.980214+05:30,08:03:39
https://www.coep.org.in/,200,20734,2022-11-17T08:03:44.636445+05:30,08:03:44
https://www.coep.org.in/,200,20740,2022-11-17T08:03:46.432401+05:30,08:03:46
https://www.coep.org.in/,200,20733,2022-11-17T08:03:48.168697+05:30,08:03:48
https://www.coep.org.in/,200,20737,2022-11-17T08:03:49.204321+05:30,08:03:49
https://www.coep.org.in/,200,20739,2022-11-17T08:03:52.732084+05:30,08:03:52
https://www.coep.org.in/,200,20735,2022-11-17T08:03:53.190532+05:30,08:03:53
https://www.coep.org.in/,200,20739,2022-11-17T08:03:53.216446+05:30,08:03:53
https://www.coep.org.in/,200,20745,2022-11-17T08:03:53.337971+05:30,08:03:53
https://www.coep.org.in/,200,20745,2022-11-17T08:03:53.523654+05:30,08:03:53
https://www.coep.org.in/,200,20732,2022-11-17T08:03:53.728056+05:30,08:03:53
https://www.coep.org.in/,200,20743,2022-11-17T08:03:53.757693+05:30,08:03:53
https://www.coep.org.in/,200,20733,2022-11-17T08:03:53.940758+05:30,08:03:53
https://www.coep.org.in/,200,20737,2022-11-17T08:03:54.815333+05:30,08:03:54
https://www.coep.org.in/,200,20727,2022-11-17T08:03:54.857430+05:30,08:03:54
https://www.coep.org.in/,200,20743,2022-11-17T08:03:55.001002+05:30,08:03:55
https://www.coep.org.in/,200,20736,2022-11-17T08:03:55.130937+05:30,08:03:55
https://www.coep.org.in/,200,20741,2022-11-17T08:03:55.655539+05:30,08:03:55
https://www.coep.org.in/,200,20737,2022-11-17T08:03:55.713312+05:30,08:03:55
https://www.coep.org.in/,200,20739,2022-11-17T08:03:55.879814+05:30,08:03:55
https://www.coep.org.in/,200,20743,2022-11-17T08:03:56.126487+05:30,08:03:56
https://www.coep.org.in/,200,20734,2022-11-17T08:03:56.460684+05:30,08:03:56
https://www.coep.org.in/,200,20735,2022-11-17T08:03:56.535283+05:30,08:03:56
https://www.coep.org.in/,200,20732,2022-11-17T08:03:56.787194+05:30,08:03:56
https://www.coep.org.in/,200,20739,2022-11-17T08:03:56.869786+05:30,08:03:56
https://www.coep.org.in/,200,20738,2022-11-17T08:03:56.900440+05:30,08:03:56
https://www.coep.org.in/,200,20735,2022-11-17T08:03:56.988238+05:30,08:03:56
https://www.coep.org.in/,200,20734,2022-11-17T08:03:57.386376+05:30,08:03:57
https://www.coep.org.in/,200,20748,2022-11-17T08:03:57.858969+05:30,08:03:57
https://www.coep.org.in/,200,20744,2022-11-17T08:03:58.056139+05:30,08:03:58
https://www.coep.org.in/,200,20743,2022-11-17T08:03:58.798950+05:30,08:03:58
https://www.coep.org.in/,200,20733,2022-11-17T08:03:58.841543+05:30,08:03:58
https://www.coep.org.in/,200,20743,2022-11-17T08:03:59.649696+05:30,08:03:59
https://www.coep.org.in/,200,20733,2022-11-17T08:03:59.992162+05:30,08:03:59
https://www.coep.org.in/,200,20729,2022-11-17T08:04:00.224766+05:30,08:04:00
https://www.coep.org.in/,200,20741,2022-11-17T08:04:01.163860+05:30,08:04:01
https://www.coep.org.in/,200,20745,2022-11-17T08:04:01.542321+05:30,08:04:01
https://www.coep.org.in/,200,20745,2022-11-17T08:04:01.962341+05:30,08:04:01
https://www.coep.org.in/,200,20732,2022-11-17T08:04:02.038341+05:30,08:04:02
https://www.coep.org.in/,200,20744,2022-11-17T08:04:02.187403+05:30,08:04:02
https://www.coep.org.in/,200,20749,2022-11-17T08:04:02.239982+05:30,08:04:02
https://www.coep.org.in/,200,20732,2022-11-17T08:04:02.268892+05:30,08:04:02
https://www.coep.org.in/,200,20734,2022-11-17T08:04:02.459402+05:30,08:04:02
https://www.coep.org.in/,200,20734,2022-11-17T08:04:02.621338+05:30,08:04:02
https://www.coep.org.in/,200,20742,2022-11-17T08:04:02.742888+05:30,08:04:02
https://www.coep.org.in/,200,20742,2022-11-17T08:04:02.836840+05:30,08:04:02
https://www.coep.org.in/,200,20736,2022-11-17T08:04:02.870759+05:30,08:04:02
https://www.coep.org.in/,200,20734,2022-11-17T08:04:02.884924+05:30,08:04:02
https://www.coep.org.in/,200,20743,2022-11-17T08:04:03.045392+05:30,08:04:03
https://www.coep.org.in/,200,20741,2022-11-17T08:04:03.212446+05:30,08:04:03
https://www.coep.org.in/,200,20742,2022-11-17T08:04:03.285128+05:30,08:04:03
https://www.coep.org.in/,200,20742,2022-11-17T08:04:03.612308+05:30,08:04:03
https://www.coep.org.in/,200,20731,2022-11-17T08:04:03.954472+05:30,08:04:03
https://www.coep.org.in/,200,20741,2022-11-17T08:04:03.961519+05:30,08:04:03
https://www.coep.org.in/,200,20735,2022-11-17T08:04:03.994154+05:30,08:04:03
https://www.coep.org.in/,200,20756,2022-11-17T08:04:04.075959+05:30,08:04:04
https://www.coep.org.in/,200,20739,2022-11-17T08:04:04.083593+05:30,08:04:04
https://www.coep.org.in/,200,20745,2022-11-17T08:04:04.117904+05:30,08:04:04
https://www.coep.org.in/,200,20735,2022-11-17T08:04:04.173845+05:30,08:04:04
https://www.coep.org.in/,200,20740,2022-11-17T08:04:04.205000+05:30,08:04:04
https://www.coep.org.in/,200,20730,2022-11-17T08:04:04.450876+05:30,08:04:04
https://www.coep.org.in/,200,20729,2022-11-17T08:04:04.462651+05:30,08:04:04
https://www.coep.org.in/,200,20736,2022-11-17T08:04:04.509800+05:30,08:04:04
https://www.coep.org.in/,200,20743,2022-11-17T08:04:04.561318+05:30,08:04:04
https://www.coep.org.in/,200,20737,2022-11-17T08:04:04.733473+05:30,08:04:04
https://www.coep.org.in/,200,20734,2022-11-17T08:04:04.792773+05:30,08:04:04
https://www.coep.org.in/,200,20747,2022-11-17T08:04:04.895344+05:30,08:04:04
https://www.coep.org.in/,200,20739,2022-11-17T08:04:04.937420+05:30,08:04:04
https://www.coep.org.in/,200,20744,2022-11-17T08:04:05.157237+05:30,08:04:05
https://www.coep.org.in/,200,20733,2022-11-17T08:04:05.298908+05:30,08:04:05
https://www.coep.org.in/,200,20752,2022-11-17T08:04:05.319414+05:30,08:04:05
https://www.coep.org.in/,200,20749,2022-11-17T08:04:05.394687+05:30,08:04:05
https://www.coep.org.in/,200,20745,2022-11-17T08:04:05.407845+05:30,08:04:05
https://www.coep.org.in/,200,20750,2022-11-17T08:04:05.412173+05:30,08:04:05
https://www.coep.org.in/,200,20739,2022-11-17T08:04:05.471478+05:30,08:04:05
https://www.coep.org.in/,200,20743,2022-11-17T08:04:05.571556+05:30,08:04:05
https://www.coep.org.in/,200,20732,2022-11-17T08:04:05.634395+05:30,08:04:05
https://www.coep.org.in/,200,20749,2022-11-17T08:04:05.645611+05:30,08:04:05
https://www.coep.org.in/,200,20738,2022-11-17T08:04:06.027148+05:30,08:04:06
https://www.coep.org.in/,200,20744,2022-11-17T08:04:06.230691+05:30,08:04:06
https://www.coep.org.in/,200,20746,2022-11-17T08:04:06.403772+05:30,08:04:06
https://www.coep.org.in/,200,20741,2022-11-17T08:04:06.477289+05:30,08:04:06
https://www.coep.org.in/,200,20741,2022-11-17T08:04:06.538327+05:30,08:04:06
https://www.coep.org.in/,200,20739,2022-11-17T08:04:06.546010+05:30,08:04:06
https://www.coep.org.in/,200,20736,2022-11-17T08:04:06.693976+05:30,08:04:06
https://www.coep.org.in/,200,20736,2022-11-17T08:04:06.711233+05:30,08:04:06
https://www.coep.org.in/,200,20748,2022-11-17T08:04:06.782767+05:30,08:04:06
https://www.coep.org.in/,200,20735,2022-11-17T08:04:06.802525+05:30,08:04:06
https://www.coep.org.in/,200,20743,2022-11-17T08:04:06.890187+05:30,08:04:06
https://www.coep.org.in/,200,20751,2022-11-17T08:04:06.915009+05:30,08:04:06
https://www.coep.org.in/,200,20750,2022-11-17T08:04:07.005273+05:30,08:04:07
https://www.coep.org.in/,200,20739,2022-11-17T08:04:07.335684+05:30,08:04:07
https://www.coep.org.in/,200,20737,2022-11-17T08:04:07.339516+05:30,08:04:07
https://www.coep.org.in/,200,20749,2022-11-17T08:04:07.380730+05:30,08:04:07
https://www.coep.org.in/,200,20748,2022-11-17T08:04:07.824903+05:30,08:04:07
https://www.coep.org.in/,200,20744,2022-11-17T08:04:07.868412+05:30,08:04:07
https://www.coep.org.in/,200,20731,2022-11-17T08:04:07.964575+05:30,08:04:07
https://www.coep.org.in/,200,20735,2022-11-17T08:04:08.184867+05:30,08:04:08
https://www.coep.org.in/,200,20734,2022-11-17T08:04:08.204552+05:30,08:04:08
https://www.coep.org.in/,200,20733,2022-11-17T08:04:09.049887+05:30,08:04:09
https://www.coep.org.in/,200,20745,2022-11-17T08:04:12.745349+05:30,08:04:12
https://www.coep.org.in/,200,24667,2022-11-17T08:04:12.750886+05:30,08:04:12
https://www.coep.org.in/,200,20740,2022-11-17T08:04:13.882124+05:30,08:04:13
https://www.coep.org.in/,200,20726,2022-11-17T08:04:13.894724+05:30,08:04:13
https://www.coep.org.in/,200,20746,2022-11-17T08:04:14.121014+05:30,08:04:14
https://www.coep.org.in/,200,20740,2022-11-17T08:04:17.089896+05:30,08:04:17
https://www.coep.org.in/,200,20745,2022-11-17T08:04:17.393351+05:30,08:04:17
https://www.coep.org.in/,200,20744,2022-11-17T08:04:18.666840+05:30,08:04:18
https://www.coep.org.in/,200,20729,2022-11-17T08:04:18.681281+05:30,08:04:18
https://www.coep.org.in/,200,20742,2022-11-17T08:04:18.710619+05:30,08:04:18
https://www.coep.org.in/,200,20735,2022-11-17T08:04:19.169562+05:30,08:04:19
https://www.coep.org.in/,200,20735,2022-11-17T08:04:19.811173+05:30,08:04:19
https://www.coep.org.in/,200,20742,2022-11-17T08:04:20.053702+05:30,08:04:20
https://www.coep.org.in/,200,20740,2022-11-17T08:04:20.206348+05:30,08:04:20
https://www.coep.org.in/,200,20742,2022-11-17T08:04:20.425048+05:30,08:04:20
https://www.coep.org.in/,200,20741,2022-11-17T08:04:21.283894+05:30,08:04:21
https://www.coep.org.in/,200,20740,2022-11-17T08:04:21.831222+05:30,08:04:21
https://www.coep.org.in/,200,20726,2022-11-17T08:04:21.875913+05:30,08:04:21
https://www.coep.org.in/,200,20736,2022-11-17T08:04:22.036532+05:30,08:04:22
https://www.coep.org.in/,200,20743,2022-11-17T08:04:22.077694+05:30,08:04:22
https://www.coep.org.in/,200,20733,2022-11-17T08:04:22.173241+05:30,08:04:22
https://www.coep.org.in/,200,20741,2022-11-17T08:04:22.447604+05:30,08:04:22
https://www.coep.org.in/,200,20739,2022-11-17T08:04:22.659120+05:30,08:04:22
https://www.coep.org.in/,200,20733,2022-11-17T08:04:22.931416+05:30,08:04:22
https://www.coep.org.in/,200,20730,2022-11-17T08:04:23.194343+05:30,08:04:23
https://www.coep.org.in/,200,20736,2022-11-17T08:04:23.230257+05:30,08:04:23
https://www.coep.org.in/,200,20736,2022-11-17T08:04:23.250715+05:30,08:04:23
https://www.coep.org.in/,200,20743,2022-11-17T08:04:24.832131+05:30,08:04:24
https://www.coep.org.in/,200,20740,2022-11-17T08:04:25.147630+05:30,08:04:25
https://www.coep.org.in/,200,20729,2022-11-17T08:04:25.895810+05:30,08:04:25
https://www.coep.org.in/,200,20737,2022-11-17T08:04:26.140609+05:30,08:04:26
https://www.coep.org.in/,200,20739,2022-11-17T08:04:26.302847+05:30,08:04:26
https://www.coep.org.in/,200,20738,2022-11-17T08:04:26.875213+05:30,08:04:26
https://www.coep.org.in/,200,20736,2022-11-17T08:04:27.043836+05:30,08:04:27
https://www.coep.org.in/,200,20740,2022-11-17T08:04:27.629712+05:30,08:04:27
https://www.coep.org.in/,200,20733,2022-11-17T08:04:27.722454+05:30,08:04:27
https://www.coep.org.in/,200,20742,2022-11-17T08:04:27.790497+05:30,08:04:27
https://www.coep.org.in/,200,20731,2022-11-17T08:04:27.840604+05:30,08:04:27
https://www.coep.org.in/,200,20739,2022-11-17T08:04:27.970219+05:30,08:04:27
https://www.coep.org.in/,200,20744,2022-11-17T08:04:28.358491+05:30,08:04:28
https://www.coep.org.in/,200,20741,2022-11-17T08:04:28.452784+05:30,08:04:28
https://www.coep.org.in/,200,20740,2022-11-17T08:04:28.483480+05:30,08:04:28
https://www.coep.org.in/,200,20737,2022-11-17T08:04:28.586695+05:30,08:04:28
https://www.coep.org.in/,200,20745,2022-11-17T08:04:28.732310+05:30,08:04:28
https://www.coep.org.in/,200,20747,2022-11-17T08:04:29.031749+05:30,08:04:29
https://www.coep.org.in/,200,20731,2022-11-17T08:04:29.076165+05:30,08:04:29
https://www.coep.org.in/,200,20741,2022-11-17T08:04:29.511702+05:30,08:04:29
https://www.coep.org.in/,200,20740,2022-11-17T08:04:29.580960+05:30,08:04:29
https://www.coep.org.in/,200,20734,2022-11-17T08:04:29.587245+05:30,08:04:29
https://www.coep.org.in/,200,20727,2022-11-17T08:04:29.599250+05:30,08:04:29
https://www.coep.org.in/,200,20736,2022-11-17T08:04:29.668372+05:30,08:04:29
https://www.coep.org.in/,200,20741,2022-11-17T08:04:29.712681+05:30,08:04:29
https://www.coep.org.in/,200,20735,2022-11-17T08:04:29.812491+05:30,08:04:29
https://www.coep.org.in/,200,20737,2022-11-17T08:04:29.827810+05:30,08:04:29
https://www.coep.org.in/,200,20736,2022-11-17T08:04:29.920515+05:30,08:04:29
https://www.coep.org.in/,200,20740,2022-11-17T08:04:29.963404+05:30,08:04:29
https://www.coep.org.in/,200,20737,2022-11-17T08:04:30.070646+05:30,08:04:30
https://www.coep.org.in/,200,20743,2022-11-17T08:04:30.100697+05:30,08:04:30
https://www.coep.org.in/,200,20739,2022-11-17T08:04:30.397079+05:30,08:04:30
https://www.coep.org.in/,200,20745,2022-11-17T08:04:30.828111+05:30,08:04:30
https://www.coep.org.in/,200,20744,2022-11-17T08:04:30.870238+05:30,08:04:30
https://www.coep.org.in/,200,20737,2022-11-17T08:04:30.886843+05:30,08:04:30
https://www.coep.org.in/,200,20736,2022-11-17T08:04:30.892329+05:30,08:04:30
https://www.coep.org.in/,200,20734,2022-11-17T08:04:31.083910+05:30,08:04:31
https://www.coep.org.in/,200,20731,2022-11-17T08:04:31.105585+05:30,08:04:31
https://www.coep.org.in/,200,20744,2022-11-17T08:04:31.117622+05:30,08:04:31
https://www.coep.org.in/,200,20736,2022-11-17T08:04:31.192326+05:30,08:04:31
https://www.coep.org.in/,200,20728,2022-11-17T08:04:31.287565+05:30,08:04:31
https://www.coep.org.in/,200,20750,2022-11-17T08:04:31.292194+05:30,08:04:31
https://www.coep.org.in/,200,20740,2022-11-17T08:04:31.736842+05:30,08:04:31
https://www.coep.org.in/,200,20741,2022-11-17T08:04:31.822043+05:30,08:04:31
https://www.coep.org.in/,200,20742,2022-11-17T08:04:31.867645+05:30,08:04:31
https://www.coep.org.in/,200,20750,2022-11-17T08:04:31.957936+05:30,08:04:31
https://www.coep.org.in/,200,20740,2022-11-17T08:04:32.173177+05:30,08:04:32
https://www.coep.org.in/,200,20740,2022-11-17T08:04:32.184832+05:30,08:04:32
https://www.coep.org.in/,200,20740,2022-11-17T08:04:32.221328+05:30,08:04:32
https://www.coep.org.in/,200,20739,2022-11-17T08:04:32.374296+05:30,08:04:32
https://www.coep.org.in/,200,20736,2022-11-17T08:04:32.438225+05:30,08:04:32
https://www.coep.org.in/,200,20737,2022-11-17T08:04:32.534167+05:30,08:04:32
https://www.coep.org.in/,200,20739,2022-11-17T08:04:32.789598+05:30,08:04:32
https://www.coep.org.in/,200,20740,2022-11-17T08:04:32.811597+05:30,08:04:32
https://www.coep.org.in/,200,20739,2022-11-17T08:04:32.926893+05:30,08:04:32
https://www.coep.org.in/,200,20735,2022-11-17T08:04:33.018094+05:30,08:04:33
https://www.coep.org.in/,200,20749,2022-11-17T08:04:33.146142+05:30,08:04:33
https://www.coep.org.in/,200,20722,2022-11-17T08:04:33.167807+05:30,08:04:33
https://www.coep.org.in/,200,20738,2022-11-17T08:04:33.240672+05:30,08:04:33
https://www.coep.org.in/,200,20742,2022-11-17T08:04:33.419592+05:30,08:04:33
https://www.coep.org.in/,200,20734,2022-11-17T08:04:33.519501+05:30,08:04:33
https://www.coep.org.in/,200,20738,2022-11-17T08:04:33.633264+05:30,08:04:33
https://www.coep.org.in/,200,20748,2022-11-17T08:04:33.664484+05:30,08:04:33
https://www.coep.org.in/,200,20726,2022-11-17T08:04:34.060492+05:30,08:04:34
https://www.coep.org.in/,200,20741,2022-11-17T08:04:34.106903+05:30,08:04:34
https://www.coep.org.in/,200,20741,2022-11-17T08:04:34.428698+05:30,08:04:34
https://www.coep.org.in/,200,20722,2022-11-17T08:04:34.473894+05:30,08:04:34
https://www.coep.org.in/,200,20728,2022-11-17T08:04:34.762049+05:30,08:04:34
https://www.coep.org.in/,200,20743,2022-11-17T08:04:35.114436+05:30,08:04:35
https://www.coep.org.in/,200,20734,2022-11-17T08:04:35.462529+05:30,08:04:35
https://www.coep.org.in/,200,20738,2022-11-17T08:04:36.908497+05:30,08:04:36
https://www.coep.org.in/,200,20736,2022-11-17T08:04:37.672019+05:30,08:04:37
https://www.coep.org.in/,200,20739,2022-11-17T08:04:40.209967+05:30,08:04:40
https://www.coep.org.in/,200,20726,2022-11-17T08:04:41.454517+05:30,08:04:41
https://www.coep.org.in/,200,20731,2022-11-17T08:04:41.761058+05:30,08:04:41
https://www.coep.org.in/,200,20743,2022-11-17T08:04:42.277942+05:30,08:04:42
https://www.coep.org.in/,200,20736,2022-11-17T08:04:42.974447+05:30,08:04:42
https://www.coep.org.in/,200,20744,2022-11-17T08:04:43.546928+05:30,08:04:43
https://www.coep.org.in/,200,20744,2022-11-17T08:04:44.750276+05:30,08:04:44
https://www.coep.org.in/,200,20742,2022-11-17T08:04:44.818853+05:30,08:04:44
https://www.coep.org.in/,200,20741,2022-11-17T08:04:45.168367+05:30,08:04:45
https://www.coep.org.in/,200,20746,2022-11-17T08:04:45.970059+05:30,08:04:45
https://www.coep.org.in/,200,20740,2022-11-17T08:04:46.814083+05:30,08:04:46
https://www.coep.org.in/,200,20751,2022-11-17T08:04:46.960092+05:30,08:04:46
https://www.coep.org.in/,200,20729,2022-11-17T08:04:46.976638+05:30,08:04:46
https://www.coep.org.in/,200,20741,2022-11-17T08:04:47.802650+05:30,08:04:47
https://www.coep.org.in/,200,20738,2022-11-17T08:04:48.206701+05:30,08:04:48
https://www.coep.org.in/,200,20744,2022-11-17T08:04:48.261300+05:30,08:04:48
https://www.coep.org.in/,200,20739,2022-11-17T08:04:48.505993+05:30,08:04:48
https://www.coep.org.in/,200,20736,2022-11-17T08:04:48.624017+05:30,08:04:48
https://www.coep.org.in/,200,20740,2022-11-17T08:04:48.782931+05:30,08:04:48
https://www.coep.org.in/,200,20743,2022-11-17T08:04:49.019519+05:30,08:04:49
https://www.coep.org.in/,200,20742,2022-11-17T08:04:49.319713+05:30,08:04:49
https://www.coep.org.in/,200,20746,2022-11-17T08:04:49.445306+05:30,08:04:49
https://www.coep.org.in/,200,20744,2022-11-17T08:04:49.877760+05:30,08:04:49
https://www.coep.org.in/,200,20746,2022-11-17T08:04:49.893599+05:30,08:04:49
https://www.coep.org.in/,200,20736,2022-11-17T08:04:49.994823+05:30,08:04:49
https://www.coep.org.in/,200,20744,2022-11-17T08:04:50.347826+05:30,08:04:50
https://www.coep.org.in/,200,20735,2022-11-17T08:04:50.866779+05:30,08:04:50
https://www.coep.org.in/,200,20739,2022-11-17T08:04:50.983538+05:30,08:04:50
https://www.coep.org.in/,200,20751,2022-11-17T08:04:51.093781+05:30,08:04:51
https://www.coep.org.in/,200,20748,2022-11-17T08:04:51.512530+05:30,08:04:51
https://www.coep.org.in/,200,20742,2022-11-17T08:04:51.658041+05:30,08:04:51
https://www.coep.org.in/,200,20743,2022-11-17T08:04:52.102227+05:30,08:04:52
https://www.coep.org.in/,200,20730,2022-11-17T08:04:52.202613+05:30,08:04:52
https://www.coep.org.in/,200,20743,2022-11-17T08:04:52.361826+05:30,08:04:52
https://www.coep.org.in/,200,20747,2022-11-17T08:04:53.785336+05:30,08:04:53
https://www.coep.org.in/,200,20740,2022-11-17T08:04:53.856381+05:30,08:04:53
https://www.coep.org.in/,200,20739,2022-11-17T08:04:53.858968+05:30,08:04:53
https://www.coep.org.in/,200,20731,2022-11-17T08:04:53.946593+05:30,08:04:53
https://www.coep.org.in/,200,20745,2022-11-17T08:04:54.031747+05:30,08:04:54
https://www.coep.org.in/,200,20729,2022-11-17T08:04:54.960739+05:30,08:04:54
https://www.coep.org.in/,200,20746,2022-11-17T08:04:55.100362+05:30,08:04:55
https://www.coep.org.in/,200,20730,2022-11-17T08:04:55.219371+05:30,08:04:55
https://www.coep.org.in/,200,20740,2022-11-17T08:04:55.225051+05:30,08:04:55
https://www.coep.org.in/,200,20742,2022-11-17T08:04:55.269022+05:30,08:04:55
https://www.coep.org.in/,200,20735,2022-11-17T08:04:55.318822+05:30,08:04:55
https://www.coep.org.in/,200,20737,2022-11-17T08:04:55.715752+05:30,08:04:55
https://www.coep.org.in/,200,20744,2022-11-17T08:04:55.967397+05:30,08:04:55
https://www.coep.org.in/,200,20740,2022-11-17T08:04:56.032373+05:30,08:04:56
https://www.coep.org.in/,200,20742,2022-11-17T08:04:56.146583+05:30,08:04:56
https://www.coep.org.in/,200,20739,2022-11-17T08:04:56.364742+05:30,08:04:56
https://www.coep.org.in/,200,20740,2022-11-17T08:04:56.488378+05:30,08:04:56
https://www.coep.org.in/,200,20739,2022-11-17T08:04:56.760506+05:30,08:04:56
https://www.coep.org.in/,200,20734,2022-11-17T08:04:56.794188+05:30,08:04:56
https://www.coep.org.in/,200,20735,2022-11-17T08:04:56.876849+05:30,08:04:56
https://www.coep.org.in/,200,20740,2022-11-17T08:04:56.922915+05:30,08:04:56
https://www.coep.org.in/,200,20739,2022-11-17T08:04:57.120054+05:30,08:04:57
https://www.coep.org.in/,200,20748,2022-11-17T08:04:57.189226+05:30,08:04:57
https://www.coep.org.in/,200,20742,2022-11-17T08:04:57.194346+05:30,08:04:57
https://www.coep.org.in/,200,20745,2022-11-17T08:04:57.569356+05:30,08:04:57
https://www.coep.org.in/,200,20743,2022-11-17T08:04:57.578815+05:30,08:04:57
https://www.coep.org.in/,200,20745,2022-11-17T08:04:57.585809+05:30,08:04:57
https://www.coep.org.in/,200,20737,2022-11-17T08:04:57.623607+05:30,08:04:57
https://www.coep.org.in/,200,20741,2022-11-17T08:04:57.701118+05:30,08:04:57
https://www.coep.org.in/,200,20741,2022-11-17T08:04:57.786660+05:30,08:04:57
https://www.coep.org.in/,200,20732,2022-11-17T08:04:57.873433+05:30,08:04:57
https://www.coep.org.in/,200,20744,2022-11-17T08:04:57.945700+05:30,08:04:57
https://www.coep.org.in/,200,20739,2022-11-17T08:04:58.048061+05:30,08:04:58
https://www.coep.org.in/,200,20738,2022-11-17T08:04:58.071452+05:30,08:04:58
https://www.coep.org.in/,200,20732,2022-11-17T08:04:58.116018+05:30,08:04:58
https://www.coep.org.in/,200,20736,2022-11-17T08:04:58.371535+05:30,08:04:58
https://www.coep.org.in/,200,20731,2022-11-17T08:04:58.537260+05:30,08:04:58
https://www.coep.org.in/,200,20741,2022-11-17T08:04:58.545580+05:30,08:04:58
https://www.coep.org.in/,200,20752,2022-11-17T08:04:58.568165+05:30,08:04:58
https://www.coep.org.in/,200,20745,2022-11-17T08:04:58.575278+05:30,08:04:58
https://www.coep.org.in/,200,20724,2022-11-17T08:04:58.662287+05:30,08:04:58
https://www.coep.org.in/,200,20735,2022-11-17T08:04:58.719332+05:30,08:04:58
https://www.coep.org.in/,200,20738,2022-11-17T08:04:58.788968+05:30,08:04:58
https://www.coep.org.in/,200,20733,2022-11-17T08:04:58.821697+05:30,08:04:58
https://www.coep.org.in/,200,20742,2022-11-17T08:04:58.826723+05:30,08:04:58
https://www.coep.org.in/,200,20741,2022-11-17T08:04:58.857988+05:30,08:04:58
https://www.coep.org.in/,200,20736,2022-11-17T08:04:58.912347+05:30,08:04:58
https://www.coep.org.in/,200,20743,2022-11-17T08:04:58.945417+05:30,08:04:58
https://www.coep.org.in/,200,20753,2022-11-17T08:04:58.991651+05:30,08:04:58
https://www.coep.org.in/,200,20736,2022-11-17T08:04:59.105078+05:30,08:04:59
https://www.coep.org.in/,200,20744,2022-11-17T08:04:59.188714+05:30,08:04:59
https://www.coep.org.in/,200,20739,2022-11-17T08:04:59.215891+05:30,08:04:59
https://www.coep.org.in/,200,20743,2022-11-17T08:04:59.418012+05:30,08:04:59
https://www.coep.org.in/,200,20730,2022-11-17T08:04:59.585744+05:30,08:04:59
https://www.coep.org.in/,200,20736,2022-11-17T08:04:59.740170+05:30,08:04:59
https://www.coep.org.in/,200,20735,2022-11-17T08:04:59.796627+05:30,08:04:59
https://www.coep.org.in/,200,20734,2022-11-17T08:05:00.142600+05:30,08:05:00
https://www.coep.org.in/,200,20732,2022-11-17T08:05:00.341191+05:30,08:05:00
https://www.coep.org.in/,200,20734,2022-11-17T08:05:00.436070+05:30,08:05:00
https://www.coep.org.in/,200,20741,2022-11-17T08:05:00.591453+05:30,08:05:00
https://www.coep.org.in/,200,20744,2022-11-17T08:05:01.374670+05:30,08:05:01
https://www.coep.org.in/,200,20738,2022-11-17T08:05:01.423237+05:30,08:05:01
https://www.coep.org.in/,200,20738,2022-11-17T08:05:02.024688+05:30,08:05:02
https://www.coep.org.in/,200,20745,2022-11-17T08:05:02.495441+05:30,08:05:02
https://www.coep.org.in/,200,20735,2022-11-17T08:05:02.750564+05:30,08:05:02
https://www.coep.org.in/,200,20733,2022-11-17T08:05:04.080642+05:30,08:05:04
https://www.coep.org.in/,200,20744,2022-11-17T08:05:04.149777+05:30,08:05:04
https://www.coep.org.in/,200,20731,2022-11-17T08:05:07.083342+05:30,08:05:07
https://www.coep.org.in/,200,20736,2022-11-17T08:05:07.686236+05:30,08:05:07
https://www.coep.org.in/,200,20731,2022-11-17T08:05:07.834006+05:30,08:05:07
https://www.coep.org.in/,200,20743,2022-11-17T08:05:09.288845+05:30,08:05:09
https://www.coep.org.in/,200,20739,2022-11-17T08:05:10.138357+05:30,08:05:10
https://www.coep.org.in/,200,20744,2022-11-17T08:05:10.213805+05:30,08:05:10
https://www.coep.org.in/,200,20737,2022-11-17T08:05:11.253945+05:30,08:05:11
https://www.coep.org.in/,200,20736,2022-11-17T08:05:11.996086+05:30,08:05:11
https://www.coep.org.in/,200,20742,2022-11-17T08:05:12.044773+05:30,08:05:12
https://www.coep.org.in/,200,20755,2022-11-17T08:05:12.504740+05:30,08:05:12
https://www.coep.org.in/,200,20742,2022-11-17T08:05:12.866896+05:30,08:05:12
https://www.coep.org.in/,200,20731,2022-11-17T08:05:13.628883+05:30,08:05:13
https://www.coep.org.in/,200,20745,2022-11-17T08:05:13.635329+05:30,08:05:13
https://www.coep.org.in/,200,20739,2022-11-17T08:05:13.722383+05:30,08:05:13
https://www.coep.org.in/,200,20744,2022-11-17T08:05:14.037554+05:30,08:05:14
https://www.coep.org.in/,200,20736,2022-11-17T08:05:14.372227+05:30,08:05:14
https://www.coep.org.in/,200,20733,2022-11-17T08:05:14.459321+05:30,08:05:14
https://www.coep.org.in/,200,20729,2022-11-17T08:05:14.789482+05:30,08:05:14
https://www.coep.org.in/,200,20728,2022-11-17T08:05:14.803915+05:30,08:05:14
https://www.coep.org.in/,200,20737,2022-11-17T08:05:14.895719+05:30,08:05:14
https://www.coep.org.in/,200,20739,2022-11-17T08:05:14.918259+05:30,08:05:14
https://www.coep.org.in/,200,20745,2022-11-17T08:05:15.308950+05:30,08:05:15
https://www.coep.org.in/,200,20727,2022-11-17T08:05:15.473063+05:30,08:05:15
https://www.coep.org.in/,200,20742,2022-11-17T08:05:15.605662+05:30,08:05:15
https://www.coep.org.in/,200,20735,2022-11-17T08:05:16.274294+05:30,08:05:16
https://www.coep.org.in/,200,20746,2022-11-17T08:05:16.535445+05:30,08:05:16
https://www.coep.org.in/,200,20741,2022-11-17T08:05:16.550053+05:30,08:05:16
https://www.coep.org.in/,200,20734,2022-11-17T08:05:16.637284+05:30,08:05:16
https://www.coep.org.in/,200,20727,2022-11-17T08:05:16.808788+05:30,08:05:16
https://www.coep.org.in/,200,20735,2022-11-17T08:05:16.955514+05:30,08:05:16
https://www.coep.org.in/,200,20749,2022-11-17T08:05:16.990396+05:30,08:05:16
https://www.coep.org.in/,200,20743,2022-11-17T08:05:17.185645+05:30,08:05:17
https://www.coep.org.in/,200,20731,2022-11-17T08:05:17.705112+05:30,08:05:17
https://www.coep.org.in/,200,20743,2022-11-17T08:05:18.210164+05:30,08:05:18
https://www.coep.org.in/,200,20733,2022-11-17T08:05:18.255695+05:30,08:05:18
https://www.coep.org.in/,200,20737,2022-11-17T08:05:18.864605+05:30,08:05:18
https://www.coep.org.in/,200,20737,2022-11-17T08:05:19.265391+05:30,08:05:19
https://www.coep.org.in/,200,20737,2022-11-17T08:05:19.430294+05:30,08:05:19
https://www.coep.org.in/,200,20746,2022-11-17T08:05:19.666766+05:30,08:05:19
https://www.coep.org.in/,200,20741,2022-11-17T08:05:20.270621+05:30,08:05:20
https://www.coep.org.in/,200,20734,2022-11-17T08:05:20.561280+05:30,08:05:20
https://www.coep.org.in/,200,20749,2022-11-17T08:05:20.776463+05:30,08:05:20
https://www.coep.org.in/,200,20740,2022-11-17T08:05:20.791588+05:30,08:05:20
https://www.coep.org.in/,200,20748,2022-11-17T08:05:20.909855+05:30,08:05:20
https://www.coep.org.in/,200,20736,2022-11-17T08:05:20.944804+05:30,08:05:20
https://www.coep.org.in/,200,20736,2022-11-17T08:05:20.952282+05:30,08:05:20
https://www.coep.org.in/,200,20740,2022-11-17T08:05:21.041517+05:30,08:05:21
https://www.coep.org.in/,200,20740,2022-11-17T08:05:21.226701+05:30,08:05:21
https://www.coep.org.in/,200,20742,2022-11-17T08:05:21.328718+05:30,08:05:21
https://www.coep.org.in/,200,20738,2022-11-17T08:05:21.419452+05:30,08:05:21
https://www.coep.org.in/,200,20742,2022-11-17T08:05:22.070136+05:30,08:05:22
https://www.coep.org.in/,200,20743,2022-11-17T08:05:22.195915+05:30,08:05:22
https://www.coep.org.in/,200,20731,2022-11-17T08:05:22.290941+05:30,08:05:22
https://www.coep.org.in/,200,20738,2022-11-17T08:05:22.429732+05:30,08:05:22
https://www.coep.org.in/,200,20737,2022-11-17T08:05:22.741968+05:30,08:05:22
https://www.coep.org.in/,200,20739,2022-11-17T08:05:22.746370+05:30,08:05:22
https://www.coep.org.in/,200,20734,2022-11-17T08:05:22.783373+05:30,08:05:22
https://www.coep.org.in/,200,20729,2022-11-17T08:05:22.888242+05:30,08:05:22
https://www.coep.org.in/,200,20748,2022-11-17T08:05:22.917205+05:30,08:05:22
https://www.coep.org.in/,200,20744,2022-11-17T08:05:22.955379+05:30,08:05:22
https://www.coep.org.in/,200,20738,2022-11-17T08:05:22.982383+05:30,08:05:22
https://www.coep.org.in/,200,20741,2022-11-17T08:05:23.181347+05:30,08:05:23
https://www.coep.org.in/,200,20741,2022-11-17T08:05:23.597992+05:30,08:05:23
https://www.coep.org.in/,200,20733,2022-11-17T08:05:23.650554+05:30,08:05:23
https://www.coep.org.in/,200,20748,2022-11-17T08:05:23.653450+05:30,08:05:23
https://www.coep.org.in/,200,20745,2022-11-17T08:05:23.664379+05:30,08:05:23
https://www.coep.org.in/,200,20727,2022-11-17T08:05:23.991907+05:30,08:05:23
https://www.coep.org.in/,200,20736,2022-11-17T08:05:23.999714+05:30,08:05:23
https://www.coep.org.in/,200,20739,2022-11-17T08:05:24.052972+05:30,08:05:24
https://www.coep.org.in/,200,20744,2022-11-17T08:05:24.112492+05:30,08:05:24
https://www.coep.org.in/,200,20738,2022-11-17T08:05:24.540825+05:30,08:05:24
https://www.coep.org.in/,200,20739,2022-11-17T08:05:24.543907+05:30,08:05:24
https://www.coep.org.in/,200,20738,2022-11-17T08:05:24.635108+05:30,08:05:24
https://www.coep.org.in/,200,20746,2022-11-17T08:05:24.641348+05:30,08:05:24
https://www.coep.org.in/,200,20739,2022-11-17T08:05:24.674511+05:30,08:05:24
https://www.coep.org.in/,200,20735,2022-11-17T08:05:24.775096+05:30,08:05:24
https://www.coep.org.in/,200,20741,2022-11-17T08:05:24.850696+05:30,08:05:24
https://www.coep.org.in/,200,20728,2022-11-17T08:05:24.988247+05:30,08:05:24
https://www.coep.org.in/,200,20737,2022-11-17T08:05:25.088691+05:30,08:05:25
https://www.coep.org.in/,200,20740,2022-11-17T08:05:25.242168+05:30,08:05:25
https://www.coep.org.in/,200,20741,2022-11-17T08:05:25.394034+05:30,08:05:25
https://www.coep.org.in/,200,20741,2022-11-17T08:05:25.429541+05:30,08:05:25
https://www.coep.org.in/,200,20738,2022-11-17T08:05:26.229817+05:30,08:05:26
https://www.coep.org.in/,200,20727,2022-11-17T08:05:26.529784+05:30,08:05:26
https://www.coep.org.in/,200,20731,2022-11-17T08:05:26.783754+05:30,08:05:26
https://www.coep.org.in/,200,20733,2022-11-17T08:05:26.823271+05:30,08:05:26
https://www.coep.org.in/,200,20739,2022-11-17T08:05:26.825802+05:30,08:05:26
https://www.coep.org.in/,200,20742,2022-11-17T08:05:26.848079+05:30,08:05:26
https://www.coep.org.in/,200,20742,2022-11-17T08:05:27.735737+05:30,08:05:27
https://www.coep.org.in/,200,20744,2022-11-17T08:05:27.931983+05:30,08:05:27
https://www.coep.org.in/,200,20738,2022-11-17T08:05:28.144158+05:30,08:05:28
https://www.coep.org.in/,200,20736,2022-11-17T08:05:28.282536+05:30,08:05:28
https://www.coep.org.in/,200,20746,2022-11-17T08:05:28.463659+05:30,08:05:28
https://www.coep.org.in/,200,20739,2022-11-17T08:05:28.504166+05:30,08:05:28
https://www.coep.org.in/,200,20744,2022-11-17T08:05:28.955845+05:30,08:05:28
https://www.coep.org.in/,200,20734,2022-11-17T08:05:28.981921+05:30,08:05:28
https://www.coep.org.in/,200,20743,2022-11-17T08:05:31.409085+05:30,08:05:31
https://www.coep.org.in/,200,20745,2022-11-17T08:05:31.498559+05:30,08:05:31
https://www.coep.org.in/,200,20744,2022-11-17T08:05:32.388065+05:30,08:05:32
https://www.coep.org.in/,200,20742,2022-11-17T08:05:32.722906+05:30,08:05:32
https://www.coep.org.in/,200,20734,2022-11-17T08:05:33.166064+05:30,08:05:33
https://csi.coep.org.in/#/,200,0,2022-11-17T08:05:34.221507+05:30,08:05:34
https://csi.coep.org.in/#/,200,0,2022-11-17T08:05:34.623623+05:30,08:05:34
https://csi.coep.org.in/#/,200,0,2022-11-17T08:05:35.318842+05:30,08:05:35
https://csi.coep.org.in/#/,200,0,2022-11-17T08:05:35.892855+05:30,08:05:35
https://csi.coep.org.in/#/,200,0,2022-11-17T08:05:36.349988+05:30,08:05:36
https://csi.coep.org.in/#/,200,0,2022-11-17T08:05:36.634354+05:30,08:05:36
https://csi.coep.org.in/#/,200,0,2022-11-17T08:05:36.719047+05:30,08:05:36
https://csi.coep.org.in/#/,200,0,2022-11-17T08:05:37.033580+05:30,08:05:37
https://csi.coep.org.in/#/,200,0,2022-11-17T08:05:37.393359+05:30,08:05:37
https://csi.coep.org.in/#/,200,0,2022-11-17T08:05:37.724738+05:30,08:05:37
https://csi.coep.org.in/#/,200,0,2022-11-17T08:05:38.051754+05:30,08:05:38
https://csi.coep.org.in/#/,200,0,2022-11-17T08:05:38.131433+05:30,08:05:38
https://csi.coep.org.in/#/,200,0,2022-11-17T08:05:38.239888+05:30,08:05:38
https://csi.coep.org.in/#/,200,0,2022-11-17T08:05:38.667532+05:30,08:05:38
https://csi.coep.org.in/#/,200,0,2022-11-17T08:05:39.984492+05:30,08:05:39
https://csi.coep.org.in/#/,200,0,2022-11-17T08:05:40.262504+05:30,08:05:40
https://csi.coep.org.in/#/,200,0,2022-11-17T08:05:40.417699+05:30,08:05:40
https://csi.coep.org.in/#/,200,0,2022-11-17T08:05:40.492724+05:30,08:05:40
https://csi.coep.org.in/#/,200,0,2022-11-17T08:05:41.199230+05:30,08:05:41
https://csi.coep.org.in/#/,200,0,2022-11-17T08:05:41.283469+05:30,08:05:41
https://csi.coep.org.in/#/,200,0,2022-11-17T08:05:41.356513+05:30,08:05:41
https://csi.coep.org.in/#/,200,0,2022-11-17T08:05:41.596389+05:30,08:05:41
https://csi.coep.org.in/#/,200,0,2022-11-17T08:05:41.752642+05:30,08:05:41
https://csi.coep.org.in/#/,200,0,2022-11-17T08:05:41.856174+05:30,08:05:41
https://csi.coep.org.in/#/,200,0,2022-11-17T08:05:42.171385+05:30,08:05:42
https://csi.coep.org.in/#/,200,0,2022-11-17T08:05:42.402447+05:30,08:05:42
https://csi.coep.org.in/#/,200,0,2022-11-17T08:05:42.447331+05:30,08:05:42
https://csi.coep.org.in/#/,200,0,2022-11-17T08:05:42.542571+05:30,08:05:42
https://csi.coep.org.in/#/,200,0,2022-11-17T08:05:42.744398+05:30,08:05:42
https://csi.coep.org.in/#/,200,0,2022-11-17T08:05:42.795356+05:30,08:05:42
https://csi.coep.org.in/#/,200,0,2022-11-17T08:05:42.861698+05:30,08:05:42
https://csi.coep.org.in/#/,200,0,2022-11-17T08:05:42.887797+05:30,08:05:42
https://csi.coep.org.in/#/,200,0,2022-11-17T08:05:43.544109+05:30,08:05:43
https://csi.coep.org.in/#/,200,0,2022-11-17T08:05:43.548869+05:30,08:05:43
https://csi.coep.org.in/#/,200,0,2022-11-17T08:05:43.709736+05:30,08:05:43
https://csi.coep.org.in/#/,200,0,2022-11-17T08:05:43.858729+05:30,08:05:43
https://csi.coep.org.in/#/,200,0,2022-11-17T08:05:43.865078+05:30,08:05:43
https://csi.coep.org.in/#/,200,0,2022-11-17T08:05:43.874398+05:30,08:05:43
https://csi.coep.org.in/#/,200,0,2022-11-17T08:05:44.057480+05:30,08:05:44
https://csi.coep.org.in/#/,200,0,2022-11-17T08:05:44.368472+05:30,08:05:44
https://csi.coep.org.in/#/,200,0,2022-11-17T08:05:44.531555+05:30,08:05:44
https://csi.coep.org.in/#/,200,0,2022-11-17T08:05:45.213183+05:30,08:05:45
https://csi.coep.org.in/#/,200,0,2022-11-17T08:05:45.317050+05:30,08:05:45
https://csi.coep.org.in/#/,200,0,2022-11-17T08:05:45.887151+05:30,08:05:45
https://csi.coep.org.in/#/,200,0,2022-11-17T08:05:46.272197+05:30,08:05:46
https://csi.coep.org.in/#/,200,0,2022-11-17T08:05:47.084878+05:30,08:05:47
https://csi.coep.org.in/#/,200,0,2022-11-17T08:05:47.191804+05:30,08:05:47
https://csi.coep.org.in/#/,200,0,2022-11-17T08:05:47.254140+05:30,08:05:47
https://csi.coep.org.in/#/,200,0,2022-11-17T08:05:47.414458+05:30,08:05:47
https://csi.coep.org.in/#/,200,0,2022-11-17T08:05:47.502137+05:30,08:05:47
https://csi.coep.org.in/#/,200,0,2022-11-17T08:05:47.539270+05:30,08:05:47
https://csi.coep.org.in/#/,200,0,2022-11-17T08:05:48.019566+05:30,08:05:48
https://csi.coep.org.in/#/,200,0,2022-11-17T08:05:48.113367+05:30,08:05:48
https://csi.coep.org.in/#/,200,0,2022-11-17T08:05:48.205050+05:30,08:05:48
https://csi.coep.org.in/#/,200,0,2022-11-17T08:05:48.379508+05:30,08:05:48
https://csi.coep.org.in/#/,200,0,2022-11-17T08:05:48.482889+05:30,08:05:48
https://csi.coep.org.in/#/,200,0,2022-11-17T08:05:48.496648+05:30,08:05:48
https://csi.coep.org.in/#/,200,0,2022-11-17T08:05:48.548327+05:30,08:05:48
https://csi.coep.org.in/#/,200,0,2022-11-17T08:05:48.642620+05:30,08:05:48
https://csi.coep.org.in/#/,200,0,2022-11-17T08:05:48.786065+05:30,08:05:48
https://csi.coep.org.in/#/,200,0,2022-11-17T08:05:48.847931+05:30,08:05:48
https://csi.coep.org.in/#/,200,0,2022-11-17T08:05:49.053735+05:30,08:05:49
https://csi.coep.org.in/#/,200,0,2022-11-17T08:05:49.116036+05:30,08:05:49
https://csi.coep.org.in/#/,200,0,2022-11-17T08:05:49.314252+05:30,08:05:49
https://csi.coep.org.in/#/,200,0,2022-11-17T08:05:49.710230+05:30,08:05:49
https://csi.coep.org.in/#/,200,0,2022-11-17T08:05:49.777182+05:30,08:05:49
https://csi.coep.org.in/#/,200,0,2022-11-17T08:05:49.859303+05:30,08:05:49
https://csi.coep.org.in/#/,200,0,2022-11-17T08:05:49.863092+05:30,08:05:49
https://csi.coep.org.in/#/,200,0,2022-11-17T08:05:49.932877+05:30,08:05:49
https://csi.coep.org.in/#/,200,0,2022-11-17T08:05:49.953303+05:30,08:05:49
https://csi.coep.org.in/#/,200,0,2022-11-17T08:05:50.297871+05:30,08:05:50
https://csi.coep.org.in/#/,200,0,2022-11-17T08:05:50.358071+05:30,08:05:50
https://csi.coep.org.in/#/,200,0,2022-11-17T08:05:50.882603+05:30,08:05:50
https://csi.coep.org.in/#/,200,0,2022-11-17T08:05:51.489966+05:30,08:05:51
https://csi.coep.org.in/#/,200,0,2022-11-17T08:05:51.500773+05:30,08:05:51
https://csi.coep.org.in/#/,200,0,2022-11-17T08:05:51.600386+05:30,08:05:51
https://csi.coep.org.in/#/,200,0,2022-11-17T08:05:51.617050+05:30,08:05:51
https://csi.coep.org.in/#/,200,0,2022-11-17T08:05:51.743883+05:30,08:05:51
https://csi.coep.org.in/#/,200,0,2022-11-17T08:05:51.746648+05:30,08:05:51
https://csi.coep.org.in/#/,200,0,2022-11-17T08:05:51.906682+05:30,08:05:51
https://csi.coep.org.in/#/,200,0,2022-11-17T08:05:52.078010+05:30,08:05:52
https://csi.coep.org.in/#/,200,0,2022-11-17T08:05:52.217023+05:30,08:05:52
https://csi.coep.org.in/#/,200,0,2022-11-17T08:05:52.428140+05:30,08:05:52
https://csi.coep.org.in/#/,200,0,2022-11-17T08:05:52.468491+05:30,08:05:52
https://csi.coep.org.in/#/,200,0,2022-11-17T08:05:53.101035+05:30,08:05:53
https://csi.coep.org.in/#/,200,0,2022-11-17T08:05:53.145427+05:30,08:05:53
https://csi.coep.org.in/#/,200,0,2022-11-17T08:05:53.449943+05:30,08:05:53
https://csi.coep.org.in/#/,200,0,2022-11-17T08:05:53.485989+05:30,08:05:53
https://csi.coep.org.in/#/,200,0,2022-11-17T08:05:53.504080+05:30,08:05:53
https://csi.coep.org.in/#/,200,0,2022-11-17T08:05:53.781045+05:30,08:05:53
https://csi.coep.org.in/#/,200,0,2022-11-17T08:05:55.389386+05:30,08:05:55
https://csi.coep.org.in/#/,200,0,2022-11-17T08:05:55.439583+05:30,08:05:55
https://csi.coep.org.in/#/,200,0,2022-11-17T08:05:55.871658+05:30,08:05:55
https://csi.coep.org.in/#/,200,0,2022-11-17T08:05:56.171858+05:30,08:05:56
https://csi.coep.org.in/#/,200,0,2022-11-17T08:05:57.629682+05:30,08:05:57
https://csi.coep.org.in/#/,200,0,2022-11-17T08:05:58.702760+05:30,08:05:58
https://csi.coep.org.in/#/,200,0,2022-11-17T08:05:59.708053+05:30,08:05:59
https://csi.coep.org.in/#/,200,0,2022-11-17T08:05:59.813070+05:30,08:05:59
https://csi.coep.org.in/#/,200,0,2022-11-17T08:05:59.914353+05:30,08:05:59
https://csi.coep.org.in/#/,200,0,2022-11-17T08:06:00.000869+05:30,08:06:00
https://csi.coep.org.in/#/,200,0,2022-11-17T08:06:00.797407+05:30,08:06:00
https://csi.coep.org.in/#/,200,0,2022-11-17T08:06:01.127923+05:30,08:06:01
https://csi.coep.org.in/#/,200,0,2022-11-17T08:06:01.402074+05:30,08:06:01
https://csi.coep.org.in/#/,200,0,2022-11-17T08:06:02.582647+05:30,08:06:02
https://csi.coep.org.in/#/,200,0,2022-11-17T08:06:02.630613+05:30,08:06:02
https://csi.coep.org.in/#/,200,0,2022-11-17T08:06:02.836577+05:30,08:06:02
https://csi.coep.org.in/#/,200,0,2022-11-17T08:06:03.248013+05:30,08:06:03
https://csi.coep.org.in/#/,200,0,2022-11-17T08:06:04.485660+05:30,08:06:04
https://csi.coep.org.in/#/,200,0,2022-11-17T08:06:04.594868+05:30,08:06:04
https://csi.coep.org.in/#/,200,0,2022-11-17T08:06:04.629418+05:30,08:06:04
https://csi.coep.org.in/#/,200,0,2022-11-17T08:06:05.134163+05:30,08:06:05
https://csi.coep.org.in/#/,200,0,2022-11-17T08:06:05.409231+05:30,08:06:05
https://csi.coep.org.in/#/,200,0,2022-11-17T08:06:06.338841+05:30,08:06:06
https://csi.coep.org.in/#/,200,0,2022-11-17T08:06:06.586516+05:30,08:06:06
https://csi.coep.org.in/#/,200,0,2022-11-17T08:06:06.600137+05:30,08:06:06
https://csi.coep.org.in/#/,200,0,2022-11-17T08:06:06.698483+05:30,08:06:06
https://csi.coep.org.in/#/,200,0,2022-11-17T08:06:07.213565+05:30,08:06:07
https://csi.coep.org.in/#/,200,0,2022-11-17T08:06:07.265702+05:30,08:06:07
https://csi.coep.org.in/#/,200,0,2022-11-17T08:06:07.700737+05:30,08:06:07
https://csi.coep.org.in/#/,200,0,2022-11-17T08:06:07.937059+05:30,08:06:07
https://csi.coep.org.in/#/,200,0,2022-11-17T08:06:08.186824+05:30,08:06:08
https://csi.coep.org.in/#/,200,0,2022-11-17T08:06:08.220238+05:30,08:06:08
https://csi.coep.org.in/#/,200,0,2022-11-17T08:06:08.223076+05:30,08:06:08
https://csi.coep.org.in/#/,200,0,2022-11-17T08:06:08.396229+05:30,08:06:08
https://csi.coep.org.in/#/,200,0,2022-11-17T08:06:08.564981+05:30,08:06:08
https://csi.coep.org.in/#/,200,0,2022-11-17T08:06:09.217580+05:30,08:06:09
https://csi.coep.org.in/#/,200,0,2022-11-17T08:06:09.319710+05:30,08:06:09
https://csi.coep.org.in/#/,200,0,2022-11-17T08:06:09.615906+05:30,08:06:09
https://csi.coep.org.in/#/,200,0,2022-11-17T08:06:09.658425+05:30,08:06:09
https://csi.coep.org.in/#/,200,0,2022-11-17T08:06:09.751970+05:30,08:06:09
https://csi.coep.org.in/#/,200,0,2022-11-17T08:06:09.822237+05:30,08:06:09
https://csi.coep.org.in/#/,200,0,2022-11-17T08:06:09.956528+05:30,08:06:09
https://csi.coep.org.in/#/,200,0,2022-11-17T08:06:10.044467+05:30,08:06:10
https://csi.coep.org.in/#/,200,0,2022-11-17T08:06:10.538977+05:30,08:06:10
https://csi.coep.org.in/#/,200,0,2022-11-17T08:06:10.697763+05:30,08:06:10
https://csi.coep.org.in/#/,200,0,2022-11-17T08:06:10.883058+05:30,08:06:10
https://csi.coep.org.in/#/,200,0,2022-11-17T08:06:11.160724+05:30,08:06:11
https://csi.coep.org.in/#/,200,0,2022-11-17T08:06:11.243912+05:30,08:06:11
https://csi.coep.org.in/#/,200,0,2022-11-17T08:06:11.303265+05:30,08:06:11
https://csi.coep.org.in/#/,200,0,2022-11-17T08:06:11.441165+05:30,08:06:11
https://csi.coep.org.in/#/,200,0,2022-11-17T08:06:11.610938+05:30,08:06:11
https://csi.coep.org.in/#/,200,0,2022-11-17T08:06:11.719011+05:30,08:06:11
https://csi.coep.org.in/#/,200,0,2022-11-17T08:06:11.863886+05:30,08:06:11
https://csi.coep.org.in/#/,200,0,2022-11-17T08:06:11.958274+05:30,08:06:11
https://csi.coep.org.in/#/,200,0,2022-11-17T08:06:11.984785+05:30,08:06:11
https://csi.coep.org.in/#/,200,0,2022-11-17T08:06:12.121255+05:30,08:06:12
https://csi.coep.org.in/#/,200,0,2022-11-17T08:06:13.107467+05:30,08:06:13
https://csi.coep.org.in/#/,200,0,2022-11-17T08:06:13.123932+05:30,08:06:13
https://csi.coep.org.in/#/,200,0,2022-11-17T08:06:13.156554+05:30,08:06:13
https://csi.coep.org.in/#/,200,0,2022-11-17T08:06:13.295144+05:30,08:06:13
https://csi.coep.org.in/#/,200,0,2022-11-17T08:06:13.360891+05:30,08:06:13
https://csi.coep.org.in/#/,200,0,2022-11-17T08:06:13.603643+05:30,08:06:13
https://csi.coep.org.in/#/,200,0,2022-11-17T08:06:13.697157+05:30,08:06:13
https://csi.coep.org.in/#/,200,0,2022-11-17T08:06:13.948636+05:30,08:06:13
https://csi.coep.org.in/#/,200,0,2022-11-17T08:06:13.952963+05:30,08:06:13
https://csi.coep.org.in/#/,200,0,2022-11-17T08:06:14.233409+05:30,08:06:14
https://csi.coep.org.in/#/,200,0,2022-11-17T08:06:14.373599+05:30,08:06:14
https://csi.coep.org.in/#/,200,0,2022-11-17T08:06:14.775145+05:30,08:06:14
https://csi.coep.org.in/#/,200,0,2022-11-17T08:06:14.931803+05:30,08:06:14
https://csi.coep.org.in/#/,200,0,2022-11-17T08:06:14.939397+05:30,08:06:14
https://csi.coep.org.in/#/,200,0,2022-11-17T08:06:15.311449+05:30,08:06:15
https://csi.coep.org.in/#/,200,0,2022-11-17T08:06:15.421641+05:30,08:06:15
https://csi.coep.org.in/#/,200,0,2022-11-17T08:06:15.454058+05:30,08:06:15
https://csi.coep.org.in/#/,200,0,2022-11-17T08:06:15.517640+05:30,08:06:15
https://csi.coep.org.in/#/,200,0,2022-11-17T08:06:15.579946+05:30,08:06:15
https://csi.coep.org.in/#/,200,0,2022-11-17T08:06:15.614825+05:30,08:06:15
https://csi.coep.org.in/#/,200,0,2022-11-17T08:06:15.921984+05:30,08:06:15
https://csi.coep.org.in/#/,200,0,2022-11-17T08:06:16.095440+05:30,08:06:16
https://csi.coep.org.in/#/,200,0,2022-11-17T08:06:16.110836+05:30,08:06:16
https://csi.coep.org.in/#/,200,0,2022-11-17T08:06:16.343337+05:30,08:06:16
https://csi.coep.org.in/#/,200,0,2022-11-17T08:06:16.432690+05:30,08:06:16
https://csi.coep.org.in/#/,200,0,2022-11-17T08:06:16.951501+05:30,08:06:16
https://csi.coep.org.in/#/,200,0,2022-11-17T08:06:17.407924+05:30,08:06:17
https://csi.coep.org.in/#/,200,0,2022-11-17T08:06:17.511252+05:30,08:06:17
https://csi.coep.org.in/#/,200,0,2022-11-17T08:06:17.649365+05:30,08:06:17
https://csi.coep.org.in/#/,200,0,2022-11-17T08:06:17.713258+05:30,08:06:17
https://csi.coep.org.in/#/,200,0,2022-11-17T08:06:17.991868+05:30,08:06:17
https://csi.coep.org.in/#/,200,0,2022-11-17T08:06:18.301978+05:30,08:06:18
https://csi.coep.org.in/#/,200,0,2022-11-17T08:06:18.351509+05:30,08:06:18
https://csi.coep.org.in/#/,200,0,2022-11-17T08:06:18.613847+05:30,08:06:18
https://csi.coep.org.in/#/,200,0,2022-11-17T08:06:19.386393+05:30,08:06:19
https://csi.coep.org.in/#/,200,0,2022-11-17T08:06:19.432965+05:30,08:06:19
https://csi.coep.org.in/#/,200,0,2022-11-17T08:06:19.518248+05:30,08:06:19
https://csi.coep.org.in/#/,200,0,2022-11-17T08:06:19.640795+05:30,08:06:19
https://csi.coep.org.in/#/,200,0,2022-11-17T08:06:19.644740+05:30,08:06:19
https://csi.coep.org.in/#/,200,0,2022-11-17T08:06:20.468364+05:30,08:06:20
https://csi.coep.org.in/#/,200,0,2022-11-17T08:06:20.714561+05:30,08:06:20
https://csi.coep.org.in/#/,200,0,2022-11-17T08:06:20.922503+05:30,08:06:20
https://csi.coep.org.in/#/,200,0,2022-11-17T08:06:22.046209+05:30,08:06:22
https://csi.coep.org.in/#/,200,0,2022-11-17T08:06:22.199462+05:30,08:06:22
https://csi.coep.org.in/#/,200,0,2022-11-17T08:06:22.520142+05:30,08:06:22
https://csi.coep.org.in/#/,200,0,2022-11-17T08:06:22.918591+05:30,08:06:22
https://csi.coep.org.in/#/,200,0,2022-11-17T08:06:22.970767+05:30,08:06:22
https://csi.coep.org.in/#/,200,0,2022-11-17T08:06:23.076209+05:30,08:06:23
https://csi.coep.org.in/#/,200,0,2022-11-17T08:06:24.400958+05:30,08:06:24
https://csi.coep.org.in/#/,200,0,2022-11-17T08:06:24.444085+05:30,08:06:24
https://csi.coep.org.in/#/,200,0,2022-11-17T08:06:24.562100+05:30,08:06:24
https://csi.coep.org.in/#/,200,0,2022-11-17T08:06:25.991095+05:30,08:06:25
https://csi.coep.org.in/#/,200,0,2022-11-17T08:06:26.271324+05:30,08:06:26
https://csi.coep.org.in/#/,200,0,2022-11-17T08:06:27.436456+05:30,08:06:27
https://csi.coep.org.in/#/,200,0,2022-11-17T08:06:27.603465+05:30,08:06:27
https://csi.coep.org.in/#/,200,0,2022-11-17T08:06:28.250407+05:30,08:06:28
https://csi.coep.org.in/#/,200,0,2022-11-17T08:06:29.950527+05:30,08:06:29
https://csi.coep.org.in/#/,200,0,2022-11-17T08:06:30.020558+05:30,08:06:30
https://csi.coep.org.in/#/,200,0,2022-11-17T08:06:30.362215+05:30,08:06:30
https://csi.coep.org.in/#/,200,0,2022-11-17T08:06:30.950655+05:30,08:06:30
https://csi.coep.org.in/#/,200,0,2022-11-17T08:06:31.057430+05:30,08:06:31
https://csi.coep.org.in/#/,200,0,2022-11-17T08:06:31.094384+05:30,08:06:31
https://csi.coep.org.in/#/,200,0,2022-11-17T08:06:31.161082+05:30,08:06:31
https://csi.coep.org.in/#/,200,0,2022-11-17T08:06:31.245239+05:30,08:06:31
https://csi.coep.org.in/#/,200,0,2022-11-17T08:06:31.525283+05:30,08:06:31
https://csi.coep.org.in/#/,200,0,2022-11-17T08:06:31.839295+05:30,08:06:31
https://csi.coep.org.in/#/,200,0,2022-11-17T08:06:32.057240+05:30,08:06:32
https://csi.coep.org.in/#/,200,0,2022-11-17T08:06:32.652017+05:30,08:06:32
https://csi.coep.org.in/#/,200,0,2022-11-17T08:06:32.920946+05:30,08:06:32
https://csi.coep.org.in/#/,200,0,2022-11-17T08:06:32.958220+05:30,08:06:32
https://csi.coep.org.in/#/,200,0,2022-11-17T08:06:33.127651+05:30,08:06:33
https://csi.coep.org.in/#/,200,0,2022-11-17T08:06:33.716386+05:30,08:06:33
https://csi.coep.org.in/#/,200,0,2022-11-17T08:06:34.021021+05:30,08:06:34
https://csi.coep.org.in/#/,200,0,2022-11-17T08:06:34.576061+05:30,08:06:34
https://csi.coep.org.in/#/,200,0,2022-11-17T08:06:34.666978+05:30,08:06:34
https://csi.coep.org.in/#/,200,0,2022-11-17T08:06:34.910555+05:30,08:06:34
https://csi.coep.org.in/#/,200,0,2022-11-17T08:06:34.996199+05:30,08:06:34
https://csi.coep.org.in/#/,200,0,2022-11-17T08:06:35.020632+05:30,08:06:35
https://csi.coep.org.in/#/,200,0,2022-11-17T08:06:35.068657+05:30,08:06:35
https://csi.coep.org.in/#/,200,0,2022-11-17T08:06:35.199917+05:30,08:06:35
https://csi.coep.org.in/#/,200,0,2022-11-17T08:06:35.306001+05:30,08:06:35
https://csi.coep.org.in/#/,200,0,2022-11-17T08:06:35.361784+05:30,08:06:35
https://csi.coep.org.in/#/,200,0,2022-11-17T08:06:35.641541+05:30,08:06:35
https://csi.coep.org.in/#/,200,0,2022-11-17T08:06:35.686616+05:30,08:06:35
https://csi.coep.org.in/#/,200,0,2022-11-17T08:06:35.714372+05:30,08:06:35
https://csi.coep.org.in/#/,200,0,2022-11-17T08:06:35.752901+05:30,08:06:35
https://csi.coep.org.in/#/,200,0,2022-11-17T08:06:35.874643+05:30,08:06:35
https://csi.coep.org.in/#/,200,0,2022-11-17T08:06:35.982112+05:30,08:06:35
https://csi.coep.org.in/#/,200,0,2022-11-17T08:06:36.029232+05:30,08:06:36
https://csi.coep.org.in/#/,200,0,2022-11-17T08:06:36.048030+05:30,08:06:36
https://csi.coep.org.in/#/,200,0,2022-11-17T08:06:36.062232+05:30,08:06:36
https://csi.coep.org.in/#/,200,0,2022-11-17T08:06:36.095813+05:30,08:06:36
https://csi.coep.org.in/#/,200,0,2022-11-17T08:06:36.564498+05:30,08:06:36
https://csi.coep.org.in/#/,200,0,2022-11-17T08:06:36.787184+05:30,08:06:36
https://csi.coep.org.in/#/,200,0,2022-11-17T08:06:37.197033+05:30,08:06:37
https://csi.coep.org.in/#/,200,0,2022-11-17T08:06:37.440717+05:30,08:06:37
https://csi.coep.org.in/#/,200,0,2022-11-17T08:06:37.572638+05:30,08:06:37
https://csi.coep.org.in/#/,200,0,2022-11-17T08:06:37.580868+05:30,08:06:37
https://csi.coep.org.in/#/,200,0,2022-11-17T08:06:38.142683+05:30,08:06:38
https://csi.coep.org.in/#/,200,0,2022-11-17T08:06:38.169494+05:30,08:06:38
https://csi.coep.org.in/#/,200,0,2022-11-17T08:06:38.245223+05:30,08:06:38
https://csi.coep.org.in/#/,200,0,2022-11-17T08:06:38.367230+05:30,08:06:38
https://csi.coep.org.in/#/,200,0,2022-11-17T08:06:38.706617+05:30,08:06:38
https://csi.coep.org.in/#/,200,0,2022-11-17T08:06:38.835355+05:30,08:06:38
https://csi.coep.org.in/#/,200,0,2022-11-17T08:06:38.850377+05:30,08:06:38
https://csi.coep.org.in/#/,200,0,2022-11-17T08:06:39.131085+05:30,08:06:39
https://csi.coep.org.in/#/,200,0,2022-11-17T08:06:39.490479+05:30,08:06:39
https://csi.coep.org.in/#/,200,0,2022-11-17T08:06:39.516842+05:30,08:06:39
https://csi.coep.org.in/#/,200,0,2022-11-17T08:06:39.935757+05:30,08:06:39
https://csi.coep.org.in/#/,200,0,2022-11-17T08:06:40.089923+05:30,08:06:40
https://csi.coep.org.in/#/,200,0,2022-11-17T08:06:40.137137+05:30,08:06:40
https://csi.coep.org.in/#/,200,0,2022-11-17T08:06:40.670490+05:30,08:06:40
https://csi.coep.org.in/#/,200,0,2022-11-17T08:06:40.963994+05:30,08:06:40
https://csi.coep.org.in/#/,200,0,2022-11-17T08:06:41.030525+05:30,08:06:41
https://csi.coep.org.in/#/,200,0,2022-11-17T08:06:41.065922+05:30,08:06:41
https://csi.coep.org.in/#/,200,0,2022-11-17T08:06:41.201393+05:30,08:06:41
https://csi.coep.org.in/#/,200,0,2022-11-17T08:06:41.381198+05:30,08:06:41
https://csi.coep.org.in/#/,200,0,2022-11-17T08:06:41.523361+05:30,08:06:41
https://csi.coep.org.in/#/,200,0,2022-11-17T08:06:41.564760+05:30,08:06:41
https://csi.coep.org.in/#/,200,0,2022-11-17T08:06:41.630120+05:30,08:06:41
https://csi.coep.org.in/#/,200,0,2022-11-17T08:06:41.709480+05:30,08:06:41
https://csi.coep.org.in/#/,200,0,2022-11-17T08:06:42.343288+05:30,08:06:42
https://csi.coep.org.in/#/,200,0,2022-11-17T08:06:42.404507+05:30,08:06:42
https://csi.coep.org.in/#/,200,0,2022-11-17T08:06:42.413942+05:30,08:06:42
https://csi.coep.org.in/#/,200,0,2022-11-17T08:06:42.624862+05:30,08:06:42
https://csi.coep.org.in/#/,200,0,2022-11-17T08:06:42.970744+05:30,08:06:42
https://csi.coep.org.in/#/,200,0,2022-11-17T08:06:43.212389+05:30,08:06:43
https://csi.coep.org.in/#/,200,0,2022-11-17T08:06:43.281023+05:30,08:06:43
https://csi.coep.org.in/#/,200,0,2022-11-17T08:06:43.743605+05:30,08:06:43
https://csi.coep.org.in/#/,200,0,2022-11-17T08:06:43.857505+05:30,08:06:43
https://csi.coep.org.in/#/,200,0,2022-11-17T08:06:43.889522+05:30,08:06:43
https://csi.coep.org.in/#/,200,0,2022-11-17T08:06:44.025444+05:30,08:06:44
https://csi.coep.org.in/#/,200,0,2022-11-17T08:06:44.768550+05:30,08:06:44
https://csi.coep.org.in/#/,200,0,2022-11-17T08:06:44.795522+05:30,08:06:44
https://csi.coep.org.in/#/,200,0,2022-11-17T08:06:44.857957+05:30,08:06:44
https://csi.coep.org.in/#/,200,0,2022-11-17T08:06:45.348170+05:30,08:06:45
https://csi.coep.org.in/#/,200,0,2022-11-17T08:06:45.436495+05:30,08:06:45
https://csi.coep.org.in/#/,200,0,2022-11-17T08:06:45.643942+05:30,08:06:45
https://csi.coep.org.in/#/,200,0,2022-11-17T08:06:46.133363+05:30,08:06:46
https://csi.coep.org.in/#/,200,0,2022-11-17T08:06:48.530066+05:30,08:06:48
https://csi.coep.org.in/#/,200,0,2022-11-17T08:06:48.682306+05:30,08:06:48
https://csi.coep.org.in/#/,200,0,2022-11-17T08:06:48.710211+05:30,08:06:48
https://csi.coep.org.in/#/,200,0,2022-11-17T08:06:49.096148+05:30,08:06:49
https://csi.coep.org.in/#/,200,0,2022-11-17T08:06:49.226883+05:30,08:06:49
https://csi.coep.org.in/#/,200,0,2022-11-17T08:06:49.330813+05:30,08:06:49
https://csi.coep.org.in/#/,200,0,2022-11-17T08:06:49.451963+05:30,08:06:49
https://csi.coep.org.in/#/,200,0,2022-11-17T08:06:49.849867+05:30,08:06:49
https://csi.coep.org.in/#/,200,0,2022-11-17T08:06:50.426992+05:30,08:06:50
https://csi.coep.org.in/#/,200,0,2022-11-17T08:06:50.667388+05:30,08:06:50
https://csi.coep.org.in/#/,200,0,2022-11-17T08:06:52.114743+05:30,08:06:52
https://csi.coep.org.in/#/,200,0,2022-11-17T08:06:52.577712+05:30,08:06:52
https://csi.coep.org.in/#/,200,0,2022-11-17T08:06:52.900153+05:30,08:06:52
https://csi.coep.org.in/#/,200,0,2022-11-17T08:06:53.066457+05:30,08:06:53
https://csi.coep.org.in/#/,200,0,2022-11-17T08:06:53.581567+05:30,08:06:53
https://csi.coep.org.in/#/,200,0,2022-11-17T08:06:53.778930+05:30,08:06:53
https://csi.coep.org.in/#/,200,0,2022-11-17T08:06:54.812535+05:30,08:06:54
https://csi.coep.org.in/#/,200,0,2022-11-17T08:06:56.541269+05:30,08:06:56
https://csi.coep.org.in/#/,200,0,2022-11-17T08:06:56.843310+05:30,08:06:56
https://csi.coep.org.in/#/,200,0,2022-11-17T08:06:56.973137+05:30,08:06:56
https://csi.coep.org.in/#/,200,0,2022-11-17T08:06:57.156277+05:30,08:06:57
https://csi.coep.org.in/#/,200,0,2022-11-17T08:06:57.354041+05:30,08:06:57
https://csi.coep.org.in/#/,200,0,2022-11-17T08:06:57.677264+05:30,08:06:57
https://csi.coep.org.in/#/,200,0,2022-11-17T08:06:57.715317+05:30,08:06:57
https://csi.coep.org.in/#/,200,0,2022-11-17T08:06:58.477255+05:30,08:06:58
https://csi.coep.org.in/#/,200,0,2022-11-17T08:06:58.515887+05:30,08:06:58
https://csi.coep.org.in/#/,200,0,2022-11-17T08:06:58.612340+05:30,08:06:58
https://csi.coep.org.in/#/,200,0,2022-11-17T08:06:58.774271+05:30,08:06:58
https://csi.coep.org.in/#/,200,0,2022-11-17T08:06:59.177375+05:30,08:06:59
https://csi.coep.org.in/#/,200,0,2022-11-17T08:06:59.285580+05:30,08:06:59
https://csi.coep.org.in/#/,200,0,2022-11-17T08:06:59.428081+05:30,08:06:59
https://csi.coep.org.in/#/,200,0,2022-11-17T08:06:59.613988+05:30,08:06:59
https://csi.coep.org.in/#/,200,0,2022-11-17T08:06:59.661840+05:30,08:06:59
https://csi.coep.org.in/#/,200,0,2022-11-17T08:06:59.905474+05:30,08:06:59
https://csi.coep.org.in/#/,200,0,2022-11-17T08:07:00.250765+05:30,08:07:00
https://csi.coep.org.in/#/,200,0,2022-11-17T08:07:00.356168+05:30,08:07:00
https://csi.coep.org.in/#/,200,0,2022-11-17T08:07:00.401210+05:30,08:07:00
https://csi.coep.org.in/#/,200,0,2022-11-17T08:07:00.517460+05:30,08:07:00
https://csi.coep.org.in/#/,200,0,2022-11-17T08:07:00.533898+05:30,08:07:00
https://csi.coep.org.in/#/,200,0,2022-11-17T08:07:01.392538+05:30,08:07:01
https://csi.coep.org.in/#/,200,0,2022-11-17T08:07:01.753449+05:30,08:07:01
https://csi.coep.org.in/#/,200,0,2022-11-17T08:07:01.849009+05:30,08:07:01
https://csi.coep.org.in/#/,200,0,2022-11-17T08:07:01.930962+05:30,08:07:01
https://csi.coep.org.in/#/,200,0,2022-11-17T08:07:01.971768+05:30,08:07:01
https://csi.coep.org.in/#/,200,0,2022-11-17T08:07:01.998521+05:30,08:07:01
https://csi.coep.org.in/#/,200,0,2022-11-17T08:07:02.014276+05:30,08:07:02
https://csi.coep.org.in/#/,200,0,2022-11-17T08:07:02.093093+05:30,08:07:02
https://csi.coep.org.in/#/,200,0,2022-11-17T08:07:02.174366+05:30,08:07:02
https://csi.coep.org.in/#/,200,0,2022-11-17T08:07:02.200640+05:30,08:07:02
https://csi.coep.org.in/#/,200,0,2022-11-17T08:07:02.216536+05:30,08:07:02
https://csi.coep.org.in/#/,200,0,2022-11-17T08:07:02.456793+05:30,08:07:02
https://csi.coep.org.in/#/,200,0,2022-11-17T08:07:02.497513+05:30,08:07:02
https://csi.coep.org.in/#/,200,0,2022-11-17T08:07:02.594880+05:30,08:07:02
https://csi.coep.org.in/#/,200,0,2022-11-17T08:07:02.777273+05:30,08:07:02
https://csi.coep.org.in/#/,200,0,2022-11-17T08:07:02.790318+05:30,08:07:02
https://csi.coep.org.in/#/,200,0,2022-11-17T08:07:03.078632+05:30,08:07:03
https://csi.coep.org.in/#/,200,0,2022-11-17T08:07:03.083611+05:30,08:07:03
https://csi.coep.org.in/#/,200,0,2022-11-17T08:07:03.115191+05:30,08:07:03
https://csi.coep.org.in/#/,200,0,2022-11-17T08:07:03.449764+05:30,08:07:03
https://csi.coep.org.in/#/,200,0,2022-11-17T08:07:03.648333+05:30,08:07:03
https://csi.coep.org.in/#/,200,0,2022-11-17T08:07:03.658210+05:30,08:07:03
https://csi.coep.org.in/#/,200,0,2022-11-17T08:07:03.681342+05:30,08:07:03
https://csi.coep.org.in/#/,200,0,2022-11-17T08:07:04.034888+05:30,08:07:04
https://csi.coep.org.in/#/,200,0,2022-11-17T08:07:04.336601+05:30,08:07:04
https://csi.coep.org.in/#/,200,0,2022-11-17T08:07:04.409089+05:30,08:07:04
https://csi.coep.org.in/#/,200,0,2022-11-17T08:07:05.107857+05:30,08:07:05
https://csi.coep.org.in/#/,200,0,2022-11-17T08:07:05.423530+05:30,08:07:05
https://csi.coep.org.in/#/,200,0,2022-11-17T08:07:05.653996+05:30,08:07:05
https://csi.coep.org.in/#/,200,0,2022-11-17T08:07:05.678579+05:30,08:07:05
https://csi.coep.org.in/#/,200,0,2022-11-17T08:07:05.705049+05:30,08:07:05
https://csi.coep.org.in/#/,200,0,2022-11-17T08:07:05.746375+05:30,08:07:05
https://csi.coep.org.in/#/,200,0,2022-11-17T08:07:06.273203+05:30,08:07:06
https://csi.coep.org.in/#/,200,0,2022-11-17T08:07:06.623587+05:30,08:07:06
https://csi.coep.org.in/#/,200,0,2022-11-17T08:07:06.835303+05:30,08:07:06
https://csi.coep.org.in/#/,200,0,2022-11-17T08:07:07.288090+05:30,08:07:07
https://csi.coep.org.in/#/,200,0,2022-11-17T08:07:07.634616+05:30,08:07:07
https://csi.coep.org.in/#/,200,0,2022-11-17T08:07:07.769104+05:30,08:07:07
https://csi.coep.org.in/#/,200,0,2022-11-17T08:07:07.771568+05:30,08:07:07
https://csi.coep.org.in/#/,200,0,2022-11-17T08:07:07.923904+05:30,08:07:07
https://csi.coep.org.in/#/,200,0,2022-11-17T08:07:08.176216+05:30,08:07:08
https://csi.coep.org.in/#/,200,0,2022-11-17T08:07:08.396076+05:30,08:07:08
https://csi.coep.org.in/#/,200,0,2022-11-17T08:07:08.419532+05:30,08:07:08
https://csi.coep.org.in/#/,200,0,2022-11-17T08:07:08.504898+05:30,08:07:08
https://csi.coep.org.in/#/,200,0,2022-11-17T08:07:08.604285+05:30,08:07:08
https://csi.coep.org.in/#/,200,0,2022-11-17T08:07:09.363427+05:30,08:07:09
https://csi.coep.org.in/#/,200,0,2022-11-17T08:07:09.676805+05:30,08:07:09
https://csi.coep.org.in/#/,200,0,2022-11-17T08:07:09.738760+05:30,08:07:09
https://csi.coep.org.in/#/,200,0,2022-11-17T08:07:09.940586+05:30,08:07:09
https://csi.coep.org.in/#/,200,0,2022-11-17T08:07:09.947005+05:30,08:07:09
https://csi.coep.org.in/#/,200,0,2022-11-17T08:07:10.717200+05:30,08:07:10
https://csi.coep.org.in/#/,200,0,2022-11-17T08:07:10.794883+05:30,08:07:10
https://csi.coep.org.in/#/,200,0,2022-11-17T08:07:11.092084+05:30,08:07:11
https://csi.coep.org.in/#/,200,0,2022-11-17T08:07:11.262549+05:30,08:07:11
https://csi.coep.org.in/#/,200,0,2022-11-17T08:07:11.294588+05:30,08:07:11
https://csi.coep.org.in/#/,200,0,2022-11-17T08:07:12.869630+05:30,08:07:12
https://csi.coep.org.in/#/,200,0,2022-11-17T08:07:12.991384+05:30,08:07:12
https://csi.coep.org.in/#/,200,0,2022-11-17T08:07:13.213578+05:30,08:07:13
https://csi.coep.org.in/#/,200,0,2022-11-17T08:07:13.548193+05:30,08:07:13
https://csi.coep.org.in/#/,200,0,2022-11-17T08:07:14.130967+05:30,08:07:14
https://csi.coep.org.in/#/,200,0,2022-11-17T08:07:14.822201+05:30,08:07:14
https://csi.coep.org.in/#/,200,0,2022-11-17T08:07:14.948611+05:30,08:07:14
https://csi.coep.org.in/#/,200,0,2022-11-17T08:07:15.256280+05:30,08:07:15
https://csi.coep.org.in/#/,200,0,2022-11-17T08:07:15.300051+05:30,08:07:15
https://csi.coep.org.in/#/,200,0,2022-11-17T08:07:15.338610+05:30,08:07:15
https://csi.coep.org.in/#/,200,0,2022-11-17T08:07:15.735524+05:30,08:07:15
https://csi.coep.org.in/#/,200,0,2022-11-17T08:07:16.124543+05:30,08:07:16
https://csi.coep.org.in/#/,200,0,2022-11-17T08:07:16.206197+05:30,08:07:16
https://csi.coep.org.in/#/,200,0,2022-11-17T08:07:16.381771+05:30,08:07:16
https://csi.coep.org.in/#/,200,0,2022-11-17T08:07:16.820123+05:30,08:07:16
https://csi.coep.org.in/#/,200,0,2022-11-17T08:07:17.665265+05:30,08:07:17
https://csi.coep.org.in/#/,200,0,2022-11-17T08:07:17.667939+05:30,08:07:17
https://csi.coep.org.in/#/,200,0,2022-11-17T08:07:17.927344+05:30,08:07:17
https://csi.coep.org.in/#/,200,0,2022-11-17T08:07:18.696343+05:30,08:07:18
https://csi.coep.org.in/#/,200,0,2022-11-17T08:07:20.142029+05:30,08:07:20
https://csi.coep.org.in/#/,200,0,2022-11-17T08:07:20.179005+05:30,08:07:20
https://csi.coep.org.in/#/,200,0,2022-11-17T08:07:20.190092+05:30,08:07:20
https://csi.coep.org.in/#/,200,0,2022-11-17T08:07:20.295261+05:30,08:07:20
